<?xml version="1.0" encoding="UTF-8"?>
<!DOCTYPE mapper PUBLIC "-//mybatis.org//DTD Mapper 3.0//EN" "http://mybatis.org/dtd/mybatis-3-mapper.dtd">
<mapper namespace="employee">
<sql id="searchCondition">
	<choose>
		<when test=" words == '' "></when>
		<when test=" searchOpt == 'all' ">
			WHERE emp_num LIKE CONCAT('%', #{words}, '%') OR emp_name LIKE CONCAT('%', #{words}, '%') 
		</when>
		<otherwise>
			WHERE ${searchOpt} LIKE CONCAT('%', #{words}, '%') 
		</otherwise>
	</choose>
</sql>

	<insert id="setEmpDetail" parameterType="employeevo">
		INSERT INTO employee_detail SET
			emp_company		= #{empCompany},
			emp_team		= #{empTeam},
			emp_gender		= #{empGender},
			emp_CP			= #{empCP},
			emp_extension	= #{empExtension},
			emp_leader		= #{empLeader},
			emp_driving		= #{empDriving},
			emp_carlicense	= #{empCarlicense},
			emp_mycar		= #{empMycar},
			emp_graduated	= #{empGraduated},
			emp_major		= #{empMajor},
			emp_academy		= #{empAcademy},
			emp_reward		= #{empReward},
			emp_disability	= #{empDisability},
			emp_army		= #{empArmy},
			emp_religion	= #{empReligion},
			emp_married		= #{empMarried},
			emp_license1	= #{empLicense1},
			emp_license2	= #{empLicense2},
			emp_license3	= #{empLicense3},
			emp_lang1		= #{empLang1},
			emp_lang2		= #{empLang2},
			emp_nation		= #{empNation},
			emp_post		= #{empPost},
			emp_address		= #{empAddress},
			emp_bank		= #{empBank},
			emp_accountnum	= #{empAccountnum},
			emp_address_detail = #{empAddressDetail},
			emp_career		= #{empCareer}
			
	</insert>
	
	<delete id="setEmployeeDelete" parameterType="int">
		DELETE FROM employee WHERE emp_id = #{empId}
	</delete>

	<select id="getEmpCount" resultType="int">
		SELECT COUNT(emp_id) FROM employee 
	</select>
	
	<select id="getEmployeeList" resultType="employeevo" parameterType="hashmap">
		SELECT 
			E.emp_id			AS empId,
			E.emp_department	AS empDepartment,
			D.depart_name	AS empDepartmentName,
			E.emp_position		AS empPosition,
			P.position_name AS empPositionName,
			E.emp_num			AS empNum,
			E.emp_enter		AS empEnter,
			E.emp_name		AS empName,
			E.emp_birth		AS empBirth,
			E.emp_step		AS empStep,
			E.emp_headcheck	AS empHeadcheck,
			date_format(E.emp_regdate, '%Y-%m-%d') AS empRegdate, 
			E.emp_auth		AS empAuth,
			E.emp_confirm		AS empConfirm 
			
			FROM employee E, department D, position P 
			WHERE E.emp_department = D.depart_code AND E.emp_position = P.position_code 
	
	</select>
	<!-- <include refid="searchCondition"></include> -->
	<update id="headChange" parameterType="hashmap">
		UPDATE employee SET emp_headcheck = #{headType} WHERE emp_num = #{empNum}
	</update>
	
	<update id="confirmChange" parameterType="hashmap">
		UPDATE employee SET emp_confirm = #{confirmType} WHERE emp_num = #{empNum}
	</update>
	
	<select id="getEmployeeOne" resultType="employeevo">
		SELECT 
			emp_id			AS empId,
			emp_department	AS empDepartment,
			emp_position	AS empPosition,
			emp_num			AS empNum,
			emp_enter		AS empEnter,
			emp_name		AS empName,
			emp_birth		AS empBirth,
			emp_step		AS empStep,
			emp_headcheck	AS empHeadcheck,
			emp_auth		AS empAuth,
			emp_confirm		AS empConfirm,
			date_format(emp_regdate, '%Y-%m-%d') AS empRegdate
			
			FROM employee WHERE emp_id = #{empId}
			
	
	</select>
	
</mapper>