<?xml version="1.0" encoding="UTF-8"?>
<!DOCTYPE mapper PUBLIC "-//mybatis.org//DTD Mapper 3.0//EN" "http://mybatis.org/dtd/mybatis-3-mapper.dtd">
<mapper namespace="order">

	<insert id="setOrderList" parameterType="ordervo">
		INSERT INTO order_buy SET 
			order_emp_team		= #{orderEmpTeam},
			order_emp_name		= #{orderEmpName},
			order_date			= #{orderDate},
			order_p_name		= #{orderPName},
			order_p_amount		= #{orderPAmount},
			order_p_unit		= #{orderPUnit},
			order_p_buy			= #{orderPBuy},
			order_total_price	= #{orderTotalPrice},
			order_purpose		= #{orderPurpose},
			order_doc_num		= #{orderDocNum},
			order_sender		= #{orderSender},
			order_receiver		= #{orderReceiver}	
	</insert>

	<select id="getOrderList" resultType="ordervo" parameterType="String">
		SELECT 
			order_id			AS orderId, 
			order_emp_team		AS orderEmpTeam,
			order_emp_name		AS orderEmpName,
			order_date			AS orderDate,
			order_p_name		AS orderPName,
			order_p_amount		AS orderPAmount,
			order_p_unit		AS orderPUnit,
			order_p_buy			AS orderPBuy,
			order_total_price	AS orderTotalPrice,
			order_purpose		AS orderPurpose,
			order_doc_num		AS orderDocNum,
			order_sender		AS orderSender,
			order_confirm		AS orderConfirm  
		FROM order_buy WHERE order_doc_num = #{orderDocNum} 
		ORDER BY order_id DESC 
	</select>
	
	<select id="getProdUnit" resultType="String" parameterType="String">
		SELECT 
			p_unit	AS orderPUnit   
		FROM product WHERE p_name = #{orderPName}
	</select>
	
	<select id="getProdBuy" resultType="int" parameterType="String">
		SELECT 
			p_buy	AS orderPBuy 
		FROM product WHERE p_name = #{orderPName}
	</select>

	<delete id="deleteOne" parameterType="int">
		DELETE FROM order_buy WHERE order_id = #{orderId}
	</delete>

</mapper>